-- 初始化宿管数据
-- 密码都是123456的MD5值：e10adc3949ba59abbe56e057f20f883e

INSERT INTO DormitoryManager (id, name, password, gender, phone) VALUES 
('DM001', '张三', 'e10adc3949ba59abbe56e057f20f883e', '男', '13800138001'),
('DM002', '李四', 'e10adc3949ba59abbe56e057f20f883e', '女', '13800138002'),
('DM003', '王五', 'e10adc3949ba59abbe56e057f20f883e', '男', '13800138003');

-- 初始化楼栋数据
INSERT INTO Building (id, name, description) VALUES 
('A01', 'A栋', '男生宿舍楼'),
('B02', 'B栋', '女生宿舍楼'),
('C03', 'C栋', '研究生宿舍楼');

-- 初始化宿舍数据
INSERT INTO Dormitory (id, dormitorymanagerId, buildingId, floor, maxNumber, livedNumber) VALUES 
('A01-101', 'DM001', 'A01', '1', 4, 2),
('A01-102', 'DM001', 'A01', '1', 4, 1),
('B02-201', 'DM002', 'B02', '2', 4, 1),
('B02-202', 'DM002', 'B02', '2', 4, 0),
('C03-301', 'DM003', 'C03', '3', 2, 1);

-- 初始化学生数据
INSERT INTO Student (id, name, id_card, password, gender, department, major, grade, class, phone) VALUES 
('2023001', '学生1', '110101200001011234', 'e10adc3949ba59abbe56e057f20f883e', '男', '计算机学院', '软件工程', 2023, 1, '13900139001'),
('2023002', '学生2', '110101200001021234', 'e10adc3949ba59abbe56e057f20f883e', '男', '计算机学院', '软件工程', 2023, 1, '13900139002'),
('2023003', '学生3', '110101200001031234', 'e10adc3949ba59abbe56e057f20f883e', '女', '信息学院', '通信工程', 2023, 2, '13900139003'),
('2023004', '学生4', '110101200001041234', 'e10adc3949ba59abbe56e057f20f883e', '女', '信息学院', '通信工程', 2023, 2, '13900139004'),
('2023005', '学生5', '110101200001051234', 'e10adc3949ba59abbe56e057f20f883e', '男', '研究生院', '计算机科学', 2023, 1, '13900139005');

-- 初始化住宿记录
INSERT INTO Live (studentId, dormitoryId, checkInTime, checkOutTime) VALUES 
('2023001', 'A01-101', '2023-09-01 08:00:00', NULL),
('2023002', 'A01-101', '2023-09-01 08:00:00', NULL),
('2023003', 'B02-201', '2023-09-01 08:00:00', NULL),
('2023004', 'B02-202', '2023-09-01 08:00:00', NULL),
('2023005', 'C03-301', '2023-09-01 08:00:00', NULL); 